timestamp,mint,symbol,entry_price,exit_price,pnl_pct,pnl_usd,equity_after,reason
2026-09-25T21:52:38.649028+00:00,4G5YDqDvwgwSS3nLPDGDpGuetbG7rZYzNSBb1U4Tqbzi,ARENA,0.0006806,0.0006892,1.26,1.26,1001.26,max_hold
2026-09-25T21:52:48.957098+00:00,Adgt7dseCq71eN6GDuoUgpsNQp81ZNhq24nrF7pxpump,Noiz ,0.0001112,0.0001141,2.61,2.61,1003.87,max_hold
2026-09-25T21:52:59.145607+00:00,DmQDfFpbKHna4MgtsZgBQYmyMSNJjvLAj6XjduqRpump,TRUMP,0.0002414,0.0003672,52.11,52.11,1055.98,trailing_stop
2026-09-27T11:50:04.389301+00:00,87pa2UbBB2dhD4b7CHDPHzzKjrdrUtEcBHueXnVz6CJp,JIZZCOIN,3.356e-05,2.081e-05,-37.99,-37.99,1017.99,liquidity_drained
2026-09-27T11:50:07.107052+00:00,7amYuaF1XF2mMvRrsnGrbanQgUT2wJxSgrBuTmt1pump,CopiumCat,5.318e-05,4.024e-05,-24.33,-24.33,993.66,stop_loss
2026-09-27T11:50:21.122901+00:00,44J1LiJu17k25UDCjoJ3H2EMbbne5dmqn576J4ZNyBYT,MINECOIN,9.173e-05,7.655e-05,-16.55,-16.55,977.11,whale_dump
2026-09-27T20:40:47.552034+00:00,5GefefPX1mDs6ZJB1apYmz6fCTCiNJpHturZ9bvFpump,Pumpoween,0.0006586,0.0007109,7.94,7.94,985.05,max_hold
2026-09-27T20:40:47.633109+00:00,GW5xNXBtW9usH62Uimis4L5T1Fi5ceeMa9dupjTVpxaD,lemon,0.0002336,9.071e-06,-96.12,-96.12,888.94,liquidity_drained
2026-09-27T20:40:47.761788+00:00,9fno96crbJq887w3DuDFFaurYE7sHA8GrtZutzSa72j2,UNICEF,0.0001141,2.164e-05,-81.03,-81.03,807.9,liquidity_drained
2026-09-28T01:48:53.224671+00:00,6UhUkSBc9RBB9gVJcjCWtcQv4t771rQF7bdn2qK7pump,INSTA,0.0003773,0.001024,171.4,171.4,979.3,whale_dump
2026-09-28T06:39:08.268913+00:00,7BN68PVzqWV6EjK8J8Y6Q1h5C8FFD5ZRZVscXyJDpump,20xx,0.0002326,0.0003586,54.17,54.17,1033.47,whale_dump
2026-09-28T06:39:08.360602+00:00,C5zyCRUo23yLHDfcYWWTZNVh4yxWgQ8PFr1zx1Zrpump,x/acc,0.0002095,2.391e-06,-98.86,-98.86,934.62,liquidity_drained
2026-09-28T06:39:08.444395+00:00,7hBLGsXj16vGPVpDiVrZsLmeWS8ZiGgsbwpYRAxVpump,SUPERCAPY,0.0001347,2.358e-06,-98.25,-98.25,836.37,liquidity_drained
2026-09-28T06:39:08.583998+00:00,A2r4WEaSpe4eDHriikS3xW5bgqdXbpA6bZFbJgjFpump,e/acc,0.000141,2.389e-06,-98.31,-98.31,738.06,liquidity_drained
2026-09-28T08:09:50.675818+00:00,Ees9nBcWavLJiE4P1inKwhXpNQSzL64zntyqWjpec6Dc,CROCS,8.565e-05,1.875e-05,-78.11,-78.11,659.95,liquidity_drained
2026-09-28T08:09:52.518448+00:00,F1z5FQdToNDLQYJ72grqePaWJrcrf39HR4gaKA57ySUQ,Q4,9.51e-05,9.206e-05,-3.2,-3.2,656.75,whale_dump
2026-09-29T11:01:48.745204+00:00,HPmrRWHrbwWVzJiQfnxgPSRDDkD6ShMLnEN6VuEzvyEV,AXIOM,0.0002031,5.967e-06,-97.06,-97.06,559.69,liquidity_drained
2026-09-29T11:01:50.604752+00:00,8Vte25yt28L8BfLXm8DrzjSYEyaKX8yry6hRKRmX7FGd,UPTOBER,0.0001606,0.0001804,12.33,12.33,572.02,whale_dump
2026-09-29T11:02:04.656612+00:00,FFzTy32bZbPA8zRLbbiWoNzW2emGv86tUxaoqhz1pump,XPAD,0.0009167,0.00105,14.54,14.54,586.56,whale_dump
2026-09-29T11:02:18.263409+00:00,F1z5FQdToNDLQYJ72grqePaWJrcrf39HR4gaKA57ySUQ,Q4,9.142e-05,6.314e-05,-30.93,-30.93,555.63,whale_dump
2026-09-29T11:02:18.315105+00:00,ELP7DpZvv41KzWewe513ZPBwTESsuxgzCJzh9zXn8WGd,1000X,7.235e-05,3.135e-06,-95.67,-95.67,459.96,liquidity_drained
2026-09-29T11:12:04.981919+00:00,4tvcXSyhPfb1vQQWunMmMzmVNCJGMYrXgtv3bEbSpump,SITRUMP,0.0001971,0.0002032,3.09,3.09,463.06,whale_dump
2026-09-29T11:12:19.276714+00:00,5BzMG8pmZyjPBFkaPSYZK2qRgTsViMqMWV9SmyDQpump,HODL,9.749e-05,0.0001012,3.81,3.81,466.86,whale_dump
2026-09-29T11:12:47.592754+00:00,5UfW9HxHQqBncdPgt3Vca3t68iSMXg2RxtCbnncKw6cV,rock,9.572e-05,0.0001139,18.99,18.99,485.86,whale_dump
2026-09-29T11:13:01.417680+00:00,9k7NgXqiJ7tvLtiB6HXdJHnKZZynFz46AB6Eg4Uwpump,INUINK,0.001739,0.001763,1.38,1.38,487.24,whale_dump
2026-09-29T11:13:01.474943+00:00,84D3VopU3g5qo7jUwzQK4P4BnVPQWr2MzeaRCFkHpump,POND,9.424e-05,6.162e-05,-34.61,-34.61,452.62,liquidity_drained
2026-09-29T11:13:19.779447+00:00,EThAHDXisQrhvv9MPrv5DgZuRHkjUzNcTwnLzVjCpump,PAYDAY,0.0001873,0.0002426,29.52,29.52,482.15,whale_dump
